CAMPUS APARECIDA,ENGENHARIA DE MATERIAIS,CALCULO 3A,24M45
CAMPUS APARECIDA,ENGENHARIA DE MATERIAIS,GEOMETRIA ANALITICA,24M23
CAMPUS APARECIDA,ENGENHARIA DE MATERIAIS,GEOMETRIA ANALITICA,24M45
CAMPUS APARECIDA,ENGENHARIA DE MATERIAIS,PROBABILIDADE E ESTATISTICA A,24M23
CAMPUS APARECIDA,ENGENHARIA DE MATERIAIS,PROBABILIDADE E ESTATISTICA A,24M45
CAMPUS APARECIDA,ENGENHARIA DE MATERIAIS,CALCULO 1A,246T12
CAMPUS APARECIDA,ENGENHARIA DE MATERIAIS,CALCULO 1A,246T12
CAMPUS APARECIDA,ENGENHARIA DE MATERIAIS,CALCULO 1A,246T34
CAMPUS APARECIDA,ENGENHARIA DE MATERIAIS,CALCULO 2A,246T34
CAMPUS APARECIDA,ENGENHARIA DE PRODUCAO,CALCULO 3B,24T12
CAMPUS COLEMAR,ENGENHARIA AMBIENTAL,PROBABILIDADE E ESTATISTICA A,46M34
CAMPUS COLEMAR,ENGENHARIA AMBIENTAL,CALCULO 1A,246T34
CAMPUS COLEMAR,ENGENHARIA AMBIENTAL,EDO,24M56
CAMPUS COLEMAR,ENGENHARIA CIVIL,CALCULO 3A,24T56
CAMPUS COLEMAR,ENGENHARIA CIVIL,GEOMETRIA ANALITICA,46T34
CAMPUS COLEMAR,ENGENHARIA CIVIL,PROBABILIDADE E ESTATISTICA A,46M56
CAMPUS COLEMAR,ENGENHARIA CIVIL,ALGEBRA LINEAR,24M34
CAMPUS COLEMAR,ENGENHARIA CIVIL,CALCULO 1A,246T12
CAMPUS COLEMAR,ENGENHARIA CIVIL,CALCULO 2A,246M12
CAMPUS COLEMAR,ENGENHARIA CIVIL,CALCULO NUMERICO,35T12
CAMPUS COLEMAR,ENGENHARIA CIVIL,EDO,24M12
CAMPUS COLEMAR,ENGENHARIA DE COMPUTACAO,CALCULO 3A,24M34
CAMPUS COLEMAR,ENGENHARIA DE COMPUTACAO,PROBABILIDADE E ESTATISTICA A,46M12
CAMPUS COLEMAR,ENGENHARIA DE COMPUTACAO,ALGEBRA LINEAR,46T56
CAMPUS COLEMAR,ENGENHARIA DE COMPUTACAO,CALCULO 1A,246M34
CAMPUS COLEMAR,ENGENHARIA DE COMPUTACAO,CALCULO 2A,246T34
CAMPUS COLEMAR,ENGENHARIA DE COMPUTACAO,CALCULO NUMERICO,35N45
CAMPUS COLEMAR,ENGENHARIA DE COMPUTACAO,EDO,24M56
CAMPUS COLEMAR,ENGENHARIA DE COMPUTACAO,MATEMATICA DISCRETA,35M56
CAMPUS COLEMAR,ENGENHARIA ELETRICA,GEOMETRIA ANALITICA,35M12
CAMPUS COLEMAR,ENGENHARIA ELETRICA,PROBABILIDADE E ESTATISTICA A,46T34
CAMPUS COLEMAR,ENGENHARIA ELETRICA,ALGEBRA LINEAR,35T12
CAMPUS COLEMAR,ENGENHARIA ELETRICA,CALCULO 1A,246M12
CAMPUS COLEMAR,ENGENHARIA ELETRICA,CALCULO 2A,246T12
CAMPUS COLEMAR,ENGENHARIA ELETRICA,CALCULO 3,24M12
CAMPUS COLEMAR,ENGENHARIA ELETRICA,CALCULO NUMERICO,35M34
CAMPUS COLEMAR,ENGENHARIA ELETRICA,EDO,24M34
CAMPUS COLEMAR,FARMACIA,BIOESTATISTICA,46T23
CAMPUS COLEMAR,MEDICINA,BIOESTATISTICA 1,46T12
CAMPUS COLEMAR,NUTRICAO,BIOESTATISTICA,6M123
CAMPUS COLEMAR,PSICOLOGIA,ESTATISTICA APLICADA A PSICOLOGIA,35N23
CAMPUS SAMAMBAIA,ADMINISTRACAO,CALCULO 1B,35N45
CAMPUS SAMAMBAIA,ADMINISTRACAO,CALCULO 2B,35N23
CAMPUS SAMAMBAIA,ADMINISTRACAO,ESTATISTICA DESCRITIVA E PROBABILIDADE,46N23
CAMPUS SAMAMBAIA,ADMINISTRACAO,ESTATISTICA INFERENCIAL,46N45
CAMPUS SAMAMBAIA,AGRONOMIA,CALCULO 1B,25T23
CAMPUS SAMAMBAIA,AGRONOMIA,CALCULO 1B,25T45
CAMPUS SAMAMBAIA,AGRONOMIA,CALCULO 2B,46T23
CAMPUS SAMAMBAIA,AGRONOMIA,CALCULO 2B,46T45
CAMPUS SAMAMBAIA,ARQUITETURA,CALCULO 1C,35T23
CAMPUS SAMAMBAIA,BIOMEDICINA,CALCULO 1C,35T45
CAMPUS SAMAMBAIA,BIOTECNOLOGIA,CALCULO 1C,46T45
CAMPUS SAMAMBAIA,CIENCIA DA COMPUTACAO,GEOMETRIA ANALITICA,35M45
CAMPUS SAMAMBAIA,CIENCIA DA COMPUTACAO,PROBABILIDADE E ESTATISTICA A,24M23
CAMPUS SAMAMBAIA,CIENCIA DA COMPUTACAO,ALGEBRA LINEAR,24M45
CAMPUS SAMAMBAIA,CIENCIA DA COMPUTACAO,CALCULO 1A,246M45
CAMPUS SAMAMBAIA,CIENCIA DA COMPUTACAO,CALCULO 2A,246M45
CAMPUS SAMAMBAIA,CIENCIA DA COMPUTACAO,CALCULO NUMERICO,24M45
CAMPUS SAMAMBAIA,CIENCIA DA COMPUTACAO,EDO,24M45
CAMPUS SAMAMBAIA,CIENCIAS AMBIENTAIS,CALCULO 1C,46T23
CAMPUS SAMAMBAIA,CIENCIAS BIOLOGICAS,CALCULO 1C,24T45
CAMPUS SAMAMBAIA,CIENCIAS CONTABEIS,ESTATISTICA,46M45
CAMPUS SAMAMBAIA,CIENCIAS CONTABEIS,ESTATISTICA,46N45
CAMPUS SAMAMBAIA,CIENCIAS ECONOMICAS,ALGEBRA LINEAR,24M23
CAMPUS SAMAMBAIA,CIENCIAS ECONOMICAS,ALGEBRA LINEAR,24N45
CAMPUS SAMAMBAIA,CIENCIAS ECONOMICAS,CALCULO 1B,35N23
CAMPUS SAMAMBAIA,CIENCIAS ECONOMICAS,CALCULO 1B,46M23
CAMPUS SAMAMBAIA,COMUNICACAO SOCIAL,ESTATISTICA,46M45
CAMPUS SAMAMBAIA,ENGENHARIA DE ALIMENTOS,CALCULO 3A,35T45
CAMPUS SAMAMBAIA,ENGENHARIA DE ALIMENTOS,GEOMETRIA ANALITICA,46M45
CAMPUS SAMAMBAIA,ENGENHARIA DE ALIMENTOS,CALCULO 1A,246M23
CAMPUS SAMAMBAIA,ENGENHARIA DE ALIMENTOS,EDO,35T23
CAMPUS SAMAMBAIA,ENGENHARIA DE MATERIAIS,GEOMETRIA ANALITICA,35T34
CAMPUS SAMAMBAIA,ENGENHARIA DE MATERIAIS,CALCULO NUMERICO,35M45
CAMPUS SAMAMBAIA,ENGENHARIA FLORESTAL,CALCULO 1B,46M45
CAMPUS SAMAMBAIA,ENGENHARIA MECANICA,CALCULO 3A,24T34
CAMPUS SAMAMBAIA,ENGENHARIA MECANICA,GEOMETRIA ANALITICA,35T12
CAMPUS SAMAMBAIA,ENGENHARIA MECANICA,CALCULO 1A,246T34
CAMPUS SAMAMBAIA,ENGENHARIA MECANICA,EDO,24T56
CAMPUS SAMAMBAIA,ENGENHARIA QUIMICA,CALCULO 3A,35T23
CAMPUS SAMAMBAIA,ENGENHARIA QUIMICA,GEOMETRIA ANALITICA,35M23
CAMPUS SAMAMBAIA,ENGENHARIA QUIMICA,CALCULO 1A,246M23
CAMPUS SAMAMBAIA,ENGENHARIA QUIMICA,CALCULO NUMERICO,24M23
CAMPUS SAMAMBAIA,ENGENHARIA QUIMICA,EDO,24M23
CAMPUS SAMAMBAIA,FARMACIA,CALCULO 1C,46M45
CAMPUS SAMAMBAIA,GESTAO DA INFORMACAO,ESTATISTICA II,246M23
CAMPUS SAMAMBAIA,INSTITUTO DE FISICA,CALCULO 3A,24T12
CAMPUS SAMAMBAIA,INSTITUTO DE FISICA,GEOMETRIA ANALITICA,46M45
CAMPUS SAMAMBAIA,INSTITUTO DE FISICA,PROBABILIDADE E ESTATISTICA A,24T56
CAMPUS SAMAMBAIA,INSTITUTO DE FISICA,CALCULO 1A,246M23
CAMPUS SAMAMBAIA,INSTITUTO DE FISICA,CALCULO 1A,246M45
CAMPUS SAMAMBAIA,INSTITUTO DE FISICA,CALCULO 2A,246N23
CAMPUS SAMAMBAIA,INSTITUTO DE FISICA,CALCULO NUMERICO,35T56
CAMPUS SAMAMBAIA,INSTITUTO DE FISICA,EDO,24T34
CAMPUS SAMAMBAIA,INTELIGENCIA ARTIFICIAL,PROBABILIDADE E ESTATISTICA A,24M45
CAMPUS SAMAMBAIA,QUIMICA BACHARELADO,ALGEBRA LINEAR,46M45
CAMPUS SAMAMBAIA,QUIMICA BACHARELADO,CALCULO 1A,246M23
CAMPUS SAMAMBAIA,QUIMICA BACHARELADO,CALCULO 2A,246M23
CAMPUS SAMAMBAIA,QUIMICA BACHARELADO,ESTATISTICA,35M23
CAMPUS SAMAMBAIA,QUIMICA LICENCIATURA,CALCULO 1B,35N45
CAMPUS SAMAMBAIA,QUIMICA LICENCIATURA,CALCULO 1B,46M23
CAMPUS SAMAMBAIA,QUIMICA LICENCIATURA,CALCULO 2B,46M23
CAMPUS SAMAMBAIA,RELACOES INTERNACIONAIS,PROBABILIDADE E ESTATISTICA,24M23
CAMPUS SAMAMBAIA,RELACOES PUBLICAS,INTRODUCAO A ESTATISTICA,46M23
CAMPUS SAMAMBAIA,SISTEMAS DE INFORMACAO,CALCULO 1A,246N45
CAMPUS SAMAMBAIA,ZOOTECNIA,CALCULO 1C,24T23
